{"cameraMode":{"drawMode":0,"name":"Shaded","section":"Shading Mode"},"sceneLighting":true,"audioPlay":false,"sceneViewState":{"showFog":true,"showMaterialUpdate":false,"showSkybox":true,"showFlares":true,"showImageEffects":true,"showParticleSystems":true},"in2DMode":false,"pivot":{"x":2.819674015045166,"y":-2.4018146991729738,"z":5.534491539001465},"rotation":{"x":-0.2965695261955261,"y":-0.4640927016735077,"z":0.16837449371814729,"w":-0.8175574541091919},"size":2.1675870418548586,"orthographic":false}