{"cameraMode":{"drawMode":0,"name":"Shaded","section":"Shading Mode"},"sceneLighting":false,"audioPlay":false,"sceneViewState":{"showFog":true,"showMaterialUpdate":false,"showSkybox":false,"showFlares":true,"showImageEffects":true,"showParticleSystems":true},"in2DMode":false,"pivot":{"x":6.947047233581543,"y":-0.8482978343963623,"z":8.453075408935547},"rotation":{"x":0.24228546023368836,"y":0.30314698815345766,"z":-0.07999283075332642,"w":0.9181609749794006},"size":0.5641640424728394,"orthographic":false}