{"cameraMode":{"drawMode":0,"name":"Shaded","section":"Shading Mode"},"sceneLighting":false,"audioPlay":false,"sceneViewState":{"showFog":true,"showMaterialUpdate":false,"showSkybox":false,"showFlares":true,"showImageEffects":true,"showParticleSystems":true},"in2DMode":false,"pivot":{"x":-3.7562527656555177,"y":-3.492295265197754,"z":9.4400634765625},"rotation":{"x":0.29197394847869875,"y":0.11441970616579056,"z":-0.03520216420292854,"w":0.9489098191261292},"size":1.4390867948532105,"orthographic":false}