{"cameraMode":{"drawMode":0,"name":"Shaded","section":"Shading Mode"},"sceneLighting":false,"audioPlay":false,"sceneViewState":{"showFog":true,"showMaterialUpdate":false,"showSkybox":false,"showFlares":true,"showImageEffects":true,"showParticleSystems":true},"in2DMode":false,"pivot":{"x":2.825854539871216,"y":0.20790338516235352,"z":2.7413086891174318},"rotation":{"x":0.283096581697464,"y":0.6221526861190796,"z":-0.2579285800457001,"w":0.682884156703949},"size":1.3797194957733155,"orthographic":false}